{"cameraMode":{"drawMode":0,"name":"Shaded","section":"Shading Mode"},"sceneLighting":false,"audioPlay":false,"sceneViewState":{"m_AlwaysRefresh":false,"showFog":true,"showSkybox":false,"showFlares":true,"showImageEffects":true,"showParticleSystems":true,"showVisualEffectGraphs":true,"m_FxEnabled":true},"in2DMode":false,"pivot":{"x":-12.296000480651856,"y":1.450000286102295,"z":3.7699999809265138},"rotation":{"x":0.20885273814201356,"y":0.00013203646813053638,"z":0.002918408950790763,"w":0.9784117937088013},"size":5.501420974731445,"orthographic":false}