{"cameraMode":{"drawMode":0,"name":"Shaded","section":"Shading Mode"},"sceneLighting":false,"audioPlay":false,"sceneViewState":{"m_AlwaysRefresh":false,"showFog":true,"showSkybox":false,"showFlares":true,"showImageEffects":true,"showParticleSystems":true,"showVisualEffectGraphs":true,"m_FxEnabled":true},"in2DMode":false,"pivot":{"x":0.000012096654245397076,"y":0.000025770999855012633,"z":0.000012235526810400188},"rotation":{"x":0.01167936809360981,"y":-0.04438571259379387,"z":-0.0005154609680175781,"w":-0.9989461302757263},"size":0.000017320508050033823,"orthographic":false}