{"cameraMode":{"drawMode":0,"name":"Shaded","section":"Shading Mode"},"sceneLighting":false,"audioPlay":false,"sceneViewState":{"m_AlwaysRefresh":false,"showFog":true,"showSkybox":false,"showFlares":true,"showImageEffects":true,"showParticleSystems":true,"showVisualEffectGraphs":true,"m_FxEnabled":true},"in2DMode":false,"pivot":{"x":0.1802806854248047,"y":2.0475001335144045,"z":35.41165542602539},"rotation":{"x":-0.019829142838716508,"y":-0.08076828718185425,"z":0.0005880263634026051,"w":-0.9969204068183899},"size":5.164501667022705,"orthographic":false}